{"vcf_types": {"sample5": "strelka", "sample4": "strelka", "sample7": "strelka", "sample6": "strelka", "sample1": "strelka", "sample3": "strelka", "sample2": "strelka", "sample8": "strelka"}, "vcf_files": {"sample5": "../../TGCC_data/T6107//FCIS31//PA2-273_T6107-FCl-Li05_031.snv.phylowgs.vcf", "sample4": "../../TGCC_data/T6107//EC71//PAT-275_6107EC3_071.snv.phylowgs.vcf", "sample7": "../../TGCC_data/T6107//TE81//PAT-357_T6107-TE-Li09_081.snv.phylowgs.vcf", "sample6": "../../TGCC_data/T6107//MET53//T6107_YST53.snv.phylowgs.vcf", "sample1": "../../TGCC_data/T6107//CIS30//PA2-273_T6107-CIS-Li04_030.snv.phylowgs.vcf", "sample3": "../../TGCC_data/T6107//EC70//PAT-275_6107EC2_070.snv.phylowgs.vcf", "sample2": "../../TGCC_data/T6107//EC21//PAT-360_T6107-EC-Li08_021.snv.phylowgs.vcf", "sample8": "../../TGCC_data/T6107//YST40//PA2-298_T6107-YS-Ad24_040.snv.phylowgs.vcf"}, "samples": ["sample1", "sample2", "sample3", "sample4", "sample5", "sample6", "sample7", "sample8"], "cnv_files": {}}